filename,width,height,class,xmin,ymin,xmax,ymax
14.jpg,960.0,1280.0,G305,238.0,112.0,557.0,240.0
14.jpg,960.0,1280.0,logitech,302.0,862.0,745.0,976.0
44.jpg,1026.0,589.0,nordic,482.0,417.0,677.0,460.0
44.jpg,1026.0,589.0,naturals,504.0,461.0,664.0,499.0
44.jpg,1026.0,589.0,omega3,461.0,517.0,699.0,578.0
45.jpg,959.0,1280.0,Metabolism,45.0,202.0,652.0,462.0
45.jpg,959.0,1280.0,lio,223.0,467.0,741.0,675.0
45.jpg,959.0,1280.0,RATED,385.0,680.0,803.0,885.0
45.jpg,959.0,1280.0,university of Rochester 1850 meliora debate union,385.0,890.0,815.0,941.0
41.jpg,1280.0,1707.0,chiikawa,412.0,767.0,810.0,919.0
117.jpg,1280.0,960.0,lamy,496.0,453.0,775.0,538.0
33.jpg,1280.0,1707.0,NON,444.0,391.0,860.0,622.0
33.jpg,1280.0,1707.0,trespassing,294.0,633.0,1012.0,775.0
33.jpg,1280.0,1707.0,we re,419.0,810.0,830.0,978.0
33.jpg,1280.0,1707.0,tired,495.0,989.0,801.0,1099.0
33.jpg,1280.0,1707.0,of hiding,403.0,1120.0,897.0,1243.0
33.jpg,1280.0,1707.0,the bodies,352.0,1266.0,929.0,1370.0
26.jpg,1707.0,1280.0,intensive moisture care,718.0,490.0,1130.0,556.0
26.jpg,1707.0,1280.0,intensive moisture care,814.0,578.0,1017.0,625.0
26.jpg,1707.0,1280.0,moisture facial cream,714.0,608.0,1135.0,661.0
26.jpg,1707.0,1280.0,net wt 14oz 40g,820.0,697.0,1015.0,741.0
26.jpg,1707.0,1280.0,curel,565.0,466.0,675.0,596.0
13.jpg,960.0,1280.0,cvs health clear spot bandages,278.0,144.0,648.0,528.0
113.jpg,960.0,1280.0,im lovin it,453.0,798.0,587.0,827.0
113.jpg,960.0,1280.0,m,442.0,667.0,597.0,795.0
120.jpg,1280.0,960.0,scotch,604.0,455.0,750.0,499.0
120.jpg,1280.0,960.0,tm,746.0,463.0,774.0,481.0
30.jpg,1280.0,959.0,vivienne,488.0,425.0,795.0,514.0
30.jpg,1280.0,959.0,westwood,468.0,510.0,862.0,604.0
43.jpg,1160.0,870.0,nvidia,361.0,273.0,540.0,383.0
43.jpg,1160.0,870.0,gsync,571.0,187.0,751.0,314.0
23.jpg,1276.0,958.0,spectrum,471.0,414.0,1211.0,723.0
52.jpg,1276.0,958.0,petlibro,480.0,437.0,687.0,482.0
21.jpg,1280.0,1707.0,abc,910.0,1144.0,1152.0,1386.0
21.jpg,1280.0,1707.0,bread bagel waffle pastry English muffin,389.0,495.0,888.0,1026.0
21.jpg,1280.0,1707.0,abc,330.0,194.0,557.0,407.0
21.jpg,1280.0,1707.0,cancel,62.0,442.0,271.0,645.0
109.jpg,1280.0,1707.0,diet coke,325.0,788.0,1016.0,1107.0
109.jpg,1280.0,1707.0,no sugar no calories,388.0,1133.0,938.0,1227.0
109.jpg,1280.0,1707.0,20 fl oz 1.25pt 591ml,453.0,1241.0,880.0,1323.0
109.jpg,1280.0,1707.0,20 fl oz 1.25pt 591ml,358.0,1313.0,976.0,1427.0
109.jpg,1280.0,1707.0,im a 100 Recycled Bottle,360.0,1318.0,970.0,1431.0
109.jpg,1280.0,1707.0,0 calories per bottle,953.0,1121.0,1036.0,1287.0
164.jpg,3024.0,4032.0,AC ADAPTER,2130.0,440.0,2333.0,1625.0
164.jpg,3024.0,4032.0,INPUT,2137.0,1950.0,2227.0,2223.0
164.jpg,3024.0,4032.0,MODEL,1891.0,469.0,1989.0,797.0
164.jpg,3024.0,4032.0,ADP,1876.0,1195.0,1963.0,1378.0
164.jpg,3024.0,4032.0,240EB,1871.0,1377.0,1953.0,1640.0
164.jpg,3024.0,4032.0,B,1861.0,1668.0,1949.0,1748.0
164.jpg,3024.0,4032.0,100,2039.0,1960.0,2119.0,2122.0
164.jpg,3024.0,4032.0,240V,2029.0,2123.0,2130.0,2345.0
164.jpg,3024.0,4032.0,50,2034.0,2439.0,2115.0,2568.0
164.jpg,3024.0,4032.0,60Hz,2029.0,2577.0,2116.0,2798.0
164.jpg,3024.0,4032.0,3.5A,2009.0,2804.0,2106.0,3001.0
164.jpg,3024.0,4032.0,OUTPUT,1945.0,1950.0,2026.0,2307.0
164.jpg,3024.0,4032.0,20.0V,1841.0,1935.0,1947.0,2193.0
164.jpg,3024.0,4032.0,12.0A,1836.0,2345.0,1925.0,2578.0
164.jpg,3024.0,4032.0,240.0W,1831.0,2592.0,1926.0,2894.0
168.jpg,3024.0,4032.0,DENSIFIQUE,927.0,2010.0,1867.0,2158.0
168.jpg,3024.0,4032.0,HYALURONIC,875.0,2415.0,1284.0,2524.0
168.jpg,3024.0,4032.0,BAIN,1052.0,2318.0,1282.0,2411.0
168.jpg,3024.0,4032.0,GLUCO,1353.0,2453.0,1596.0,2521.0
168.jpg,3024.0,4032.0,PEPTIDES,1610.0,2437.0,1909.0,2501.0
168.jpg,3024.0,4032.0,Shampooing repulpant,1026.0,2533.0,1748.0,2621.0
168.jpg,3024.0,4032.0,Bodifying shampoo,1100.0,2735.0,1675.0,2841.0
168.jpg,3024.0,4032.0,Hair visibly lacking density,1016.0,2835.0,1767.0,2962.0
168.jpg,3024.0,4032.0,250 ml,1193.0,3466.0,1363.0,3553.0
168.jpg,3024.0,4032.0,8.5 fl.oz.,1379.0,3473.0,1588.0,3542.0
110.jpg,1707.0,1280.0,5v.dc.2a max,792.0,697.0,1057.0,783.0
110.jpg,1707.0,1280.0,3.5AMP.60Hz 120 VoltMaxCombined,1178.0,710.0,1466.0,791.0
19.jpg,960.0,1280.0,dyson,387.0,413.0,675.0,725.0
42.jpg,1276.0,958.0,lenovo,82.0,50.0,129.0,147.0
161.jpg,3024.0,4032.0,Magic Mouse,991.0,1644.0,1901.0,1824.0
101.jpg,1080.0,1920.0,sauvage,350.0,826.0,672.0,921.0
101.jpg,1080.0,1920.0,dior,448.0,1093.0,610.0,1183.0
160.jpg,3024.0,4032.0,2M,890.0,403.0,1064.0,521.0
160.jpg,3024.0,4032.0,6.6FT,893.0,523.0,1147.0,623.0
160.jpg,3024.0,4032.0,belkin,1800.0,900.0,2202.0,1093.0
160.jpg,3024.0,4032.0,Ultra HD,887.0,3183.0,1201.0,3279.0
160.jpg,3024.0,4032.0,HDMI Cable,887.0,3283.0,1325.0,3361.0
160.jpg,3024.0,4032.0,Ultra HD,900.0,3460.0,1211.0,3553.0
106.jpg,1280.0,1707.0,BBRIGHTSTAPREMOTESBR100B,448.0,388.0,696.0,502.0
35.jpg,959.0,1280.0,uniden,205.0,989.0,709.0,1179.0
35.jpg,959.0,1280.0,R,660.0,973.0,726.0,1043.0
166.jpg,3024.0,4032.0,SK,1272.0,783.0,1589.0,1049.0
166.jpg,3024.0,4032.0,II,1614.0,793.0,1762.0,1026.0
166.jpg,3024.0,4032.0,FACIAL TREATMENT,1230.0,1897.0,1779.0,1974.0
166.jpg,3024.0,4032.0,CLEANSER,1343.0,1969.0,1657.0,2038.0
50.jpg,1280.0,959.0,costco,443.0,290.0,953.0,385.0
50.jpg,1280.0,959.0,wholesale,592.0,385.0,957.0,440.0
50.jpg,1280.0,959.0,executive member,382.0,493.0,1021.0,540.0
50.jpg,1280.0,959.0,costco.com,587.0,552.0,809.0,582.0
50.jpg,1280.0,959.0,nontransferable,565.0,588.0,837.0,615.0
6.jpg,1280.0,1707.0,liftmaster,493.0,650.0,727.0,754.0
118.jpg,1280.0,960.0,dragon,839.0,257.0,1203.0,352.0
102.jpg,810.0,1440.0,extreme,266.0,634.0,578.0,702.0
119.jpg,1707.0,1280.0,starbucks reserve,83.0,684.0,1501.0,777.0
119.jpg,1707.0,1280.0,tm,1505.0,679.0,1573.0,726.0
32.jpg,960.0,1280.0,press hold,253.0,593.0,443.0,648.0
32.jpg,960.0,1280.0,hold to restart,482.0,595.0,669.0,642.0
32.jpg,960.0,1280.0,power,292.0,670.0,426.0,720.0
32.jpg,960.0,1280.0,onoff,285.0,733.0,449.0,774.0
32.jpg,960.0,1280.0,default,495.0,668.0,648.0,716.0
32.jpg,960.0,1280.0,settings,480.0,715.0,662.0,763.0
32.jpg,960.0,1280.0,quick,310.0,943.0,435.0,1000.0
32.jpg,960.0,1280.0,ice,300.0,990.0,446.0,1032.0
32.jpg,960.0,1280.0,quick,505.0,948.0,632.0,986.0
32.jpg,960.0,1280.0,freeze,488.0,990.0,652.0,1032.0
32.jpg,960.0,1280.0,good,510.0,1065.0,598.0,1109.0
105.jpg,810.0,1440.0,razer,234.0,832.0,421.0,881.0
105.jpg,810.0,1440.0,tm,419.0,841.0,447.0,856.0
105.jpg,810.0,1440.0,viper,239.0,885.0,435.0,942.0
105.jpg,810.0,1440.0,Cleveland Kraut,433.0,886.0,485.0,922.0
105.jpg,810.0,1440.0,Project,504.0,883.0,633.0,940.0
105.jpg,810.0,1440.0,powerdpi,98.0,1212.0,266.0,1259.0
107.jpg,1280.0,1707.0,sony,883.0,513.0,1082.0,576.0
107.jpg,1280.0,1707.0,zeiss,645.0,713.0,748.0,754.0
107.jpg,1280.0,1707.0,T2.8 4.5 9.0 72,568.0,928.0,806.0,995.0
12.jpg,1280.0,1707.0,guitar picks,393.0,555.0,720.0,712.0
12.jpg,1280.0,1707.0,15pcs,455.0,815.0,586.0,895.0
12.jpg,1280.0,1707.0,thin medium heavy,373.0,950.0,617.0,1036.0
12.jpg,1280.0,1707.0,MADE IN CHINA,755.0,1019.0,924.0,1094.0
124.jpg,1702.0,1276.0,gourmia,550.0,507.0,1358.0,674.0
3.jpg,1276.0,958.0,cuisinart,226.0,198.0,1091.0,476.0
17.jpg,1707.0,1280.0,abc,0.0,0.0,68.0,982.0
17.jpg,1707.0,1280.0,look for autographs from some of the leagues top players ages 9 no purchase necessary see pack for details,88.0,1.0,428.0,1138.0
17.jpg,1707.0,1280.0,premier league,455.0,126.0,1074.0,981.0
17.jpg,1707.0,1280.0,24 cards,1074.0,340.0,1352.0,747.0
17.jpg,1707.0,1280.0,select 23 24 panini,1375.0,155.0,1707.0,968.0
111.jpg,1707.0,1280.0,conair,457.0,535.0,701.0,610.0
111.jpg,1707.0,1280.0,1875,498.0,607.0,652.0,647.0
115.jpg,1707.0,1280.0,geforece rtx,100.0,551.0,1578.0,877.0
115.jpg,1707.0,1280.0,tm,1572.0,695.0,1632.0,737.0
11.jpg,960.0,1280.0,benn beech candle co,395.0,535.0,661.0,701.0
36.jpg,1280.0,959.0,unit,270.0,438.0,400.0,536.0
36.jpg,1280.0,959.0,only,997.0,427.0,1114.0,480.0
36.jpg,1280.0,959.0,tare,1010.0,485.0,1099.0,515.0
36.jpg,1280.0,959.0,max5000g,572.0,587.0,727.0,638.0
36.jpg,1280.0,959.0,bread bagel waffle pastry English muffin,750.0,588.0,825.0,625.0
9.jpg,960.0,1280.0,Designed by applied in California assembled in china model a2854 5v 0.5a etc 8220 fcc id blga2854 ic 579c a2854 serial number dj7ltv72330,268.0,729.0,582.0,822.0
173.jpg,3024.0,4032.0,PRODUCT OF USA,1534.0,1819.0,1627.0,2263.0
173.jpg,3024.0,4032.0,LOT,1475.0,1844.0,1546.0,1968.0
173.jpg,3024.0,4032.0,51538,1463.0,1190.0,1695.0,1285.0
173.jpg,3024.0,4032.0,77890,1714.0,1148.0,1971.0,1245.0
173.jpg,3024.0,4032.0,0,2037.0,1115.0,2102.0,1192.0
173.jpg,3024.0,4032.0,9,1324.0,1190.0,1389.0,1296.0
173.jpg,3024.0,4032.0,Distributed By,1895.0,2877.0,2209.0,3009.0
173.jpg,3024.0,4032.0,Wegmans Food Markets,1705.0,2803.0,2183.0,2883.0
173.jpg,3024.0,4032.0,Rochester,1958.0,2705.0,2183.0,2795.0
173.jpg,3024.0,4032.0,NY 14603,1764.0,2718.0,1957.0,2799.0
123.jpg,1280.0,960.0,saucepan,244.0,475.0,990.0,703.0
18.jpg,1280.0,1707.0,university of Rochester 1850 meliora debate union,113.0,209.0,1239.0,1303.0
34.jpg,1702.0,1276.0,exit,730.0,610.0,1077.0,815.0
40.jpg,1280.0,1707.0,vista,860.0,273.0,1066.0,371.0
40.jpg,1280.0,1707.0,print,843.0,373.0,1059.0,451.0
40.jpg,1280.0,1707.0,celtics,267.0,537.0,1021.0,1022.0
40.jpg,1280.0,1707.0,6oz,420.0,1013.0,766.0,1421.0
7.jpg,1280.0,1707.0,Wegmans food feel good about no artificial colors flavors or preservations,409.0,817.0,994.0,1157.0
7.jpg,1280.0,1707.0,white sugar,298.0,992.0,1119.0,1354.0
169.jpg,3024.0,4032.0,VARMILO,1460.0,1537.0,1633.0,2177.0
16.jpg,1702.0,1276.0,07 a11 xtpr 27338 2,54.0,173.0,1627.0,1017.0
159.jpg,5712.0,4284.0,SAMSUNG,2120.0,1907.0,2189.0,2182.0
159.jpg,5712.0,4284.0,Model A2588,2063.0,1927.0,2093.0,2025.0
159.jpg,5712.0,4284.0,MODEL NO,2057.0,2033.0,2110.0,2226.0
159.jpg,5712.0,4284.0,UN55DU6900F,2077.0,2240.0,2130.0,2462.0
159.jpg,5712.0,4284.0,Model Code,2017.0,1923.0,2059.0,2104.0
159.jpg,5712.0,4284.0,UN55DU6900FXZA,2023.0,2127.0,2079.0,2381.0
159.jpg,5712.0,4284.0,Type No,1973.0,1930.0,2022.0,2083.0
159.jpg,5712.0,4284.0,UN55DU6900,1983.0,2077.0,2027.0,2276.0
159.jpg,5712.0,4284.0,AC110,1893.0,1913.0,1942.0,2028.0
159.jpg,5712.0,4284.0,120V,1900.0,2027.0,1945.0,2111.0
159.jpg,5712.0,4284.0,5060Hz,1903.0,2113.0,1952.0,2232.0
159.jpg,5712.0,4284.0,130w,1910.0,2223.0,1963.0,2319.0
159.jpg,5712.0,4284.0,SAMSUNG ELECTRONICS AMERICA INC,1827.0,1920.0,1906.0,2487.0
159.jpg,5712.0,4284.0,CAUTION,1387.0,2203.0,1454.0,2402.0
159.jpg,5712.0,4284.0,Version No,1550.0,1927.0,1601.0,2095.0
159.jpg,5712.0,4284.0,WN06,1570.0,2110.0,1615.0,2214.0
159.jpg,5712.0,4284.0,DU6900,1573.0,2227.0,1625.0,2327.0
159.jpg,5712.0,4284.0,DU7000B,1587.0,2343.0,1641.0,2470.0
159.jpg,5712.0,4284.0,U55DB1,1597.0,2473.0,1640.0,2585.0
159.jpg,5712.0,4284.0,691,1600.0,2593.0,1646.0,2667.0
125.jpg,1280.0,960.0,caution hot,100.0,408.0,495.0,484.0
125.jpg,1280.0,960.0,surface chaude,589.0,423.0,1098.0,494.0
51.jpg,1276.0,958.0,745,632.0,558.0,845.0,708.0
156.jpg,4032.0,3024.0,SN,1817.0,454.0,1942.0,581.0
156.jpg,4032.0,3024.0,2.13833E+15,1951.0,476.0,2462.0,581.0
156.jpg,4032.0,3024.0,THRUSTMASTER,1923.0,682.0,2409.0,729.0
156.jpg,4032.0,3024.0,TCA Sidestick Airbus Edition,1959.0,725.0,2398.0,772.0
156.jpg,4032.0,3024.0,FR Patent No. 2940846,1855.0,920.0,2212.0,961.0
156.jpg,4032.0,3024.0,USB Input,1850.0,955.0,2015.0,1002.0
156.jpg,4032.0,3024.0,5V,2027.0,955.0,2072.0,994.0
156.jpg,4032.0,3024.0,250mA,2136.0,955.0,2254.0,994.0
156.jpg,4032.0,3024.0,Made in China,2314.0,915.0,2512.0,958.0
156.jpg,4032.0,3024.0,RIGHT,1576.0,1069.0,1813.0,1170.0
156.jpg,4032.0,3024.0,HANDED,1576.0,1171.0,1888.0,1253.0
156.jpg,4032.0,3024.0,LEFT,1016.0,1074.0,1200.0,1151.0
156.jpg,4032.0,3024.0,HANDED,884.0,1168.0,1208.0,1250.0
24.jpg,1702.0,1276.0,this box is now made with less material,436.0,24.0,1370.0,431.0
24.jpg,1702.0,1276.0,scan to see why less material matters amazon com this box,719.0,456.0,1231.0,611.0
24.jpg,1702.0,1276.0,prime,567.0,1048.0,1084.0,1222.0
5.jpg,1702.0,1276.0,kitchenAid,465.0,379.0,1308.0,553.0
121.jpg,1702.0,1276.0,dyson v7motorhead,337.0,599.0,1077.0,692.0
112.jpg,1024.0,1366.0,stanley,82.0,670.0,665.0,780.0
2.jpg,1276.0,958.0,over ice,712.0,133.0,879.0,202.0
2.jpg,1276.0,958.0,8oz,616.0,740.0,680.0,801.0
2.jpg,1276.0,958.0,6oz,449.0,679.0,525.0,731.0
2.jpg,1276.0,958.0,10oz,736.0,671.0,837.0,726.0
2.jpg,1276.0,958.0,12oz,812.0,518.0,884.0,579.0
2.jpg,1276.0,958.0,4oz,394.0,526.0,465.0,586.0
2.jpg,1276.0,958.0,temp,702.0,338.0,796.0,423.0
2.jpg,1276.0,958.0,strength,409.0,343.0,621.0,450.0
10.jpg,1280.0,1707.0,Patrick bringley,800.0,1072.0,1176.0,1184.0
10.jpg,1280.0,1707.0,all the beauty in the world,605.0,453.0,1031.0,727.0
10.jpg,1280.0,1707.0,the metropolitan museum of art and me,682.0,612.0,1027.0,825.0
114.jpg,1280.0,960.0,z790,219.0,370.0,836.0,479.0
152.jpg,4032.0,3024.0,LCD Monitor,1610.0,1674.0,1796.0,1727.0
152.jpg,4032.0,3024.0,Model No,1382.0,1748.0,1508.0,1784.0
152.jpg,4032.0,3024.0,Version,1382.0,1782.0,1480.0,1811.0
152.jpg,4032.0,3024.0,Power Rating,1382.0,1813.0,1546.0,1846.0
152.jpg,4032.0,3024.0,Part Number,1384.0,1847.0,1535.0,1876.0
152.jpg,4032.0,3024.0,Mfg. Date,1382.0,1877.0,1509.0,1908.0
152.jpg,4032.0,3024.0,Serial Number,1384.0,1909.0,1556.0,1936.0
152.jpg,4032.0,3024.0,XF273U,1634.0,1750.0,1753.0,1783.0
152.jpg,4032.0,3024.0,XF273U,1636.0,1780.0,1753.0,1811.0
152.jpg,4032.0,3024.0,W2bmiiprx,1754.0,1780.0,1906.0,1817.0
152.jpg,4032.0,3024.0,100,1636.0,1813.0,1689.0,1842.0
152.jpg,4032.0,3024.0,240V,1702.0,1815.0,1774.0,1843.0
152.jpg,4032.0,3024.0,50,1802.0,1819.0,1832.0,1843.0
152.jpg,4032.0,3024.0,60Hz,1845.0,1813.0,1917.0,1849.0
152.jpg,4032.0,3024.0,1.5A,1923.0,1811.0,1991.0,1847.0
152.jpg,4032.0,3024.0,UM.HX3AA.201,1634.0,1845.0,1850.0,1873.0
152.jpg,4032.0,3024.0,Jul.2023,1634.0,1873.0,1760.0,1902.0
152.jpg,4032.0,3024.0,MMTXZAA0023300435A3LBH,1630.0,1905.0,2042.0,1937.0
152.jpg,4032.0,3024.0,EAN,1434.0,2007.0,1503.0,2039.0
152.jpg,4032.0,3024.0,4.71112E+12,1436.0,2093.0,1688.0,2135.0
152.jpg,4032.0,3024.0,SNID,1796.0,2075.0,1879.0,2115.0
152.jpg,4032.0,3024.0,3.30017E+11,1887.0,2073.0,2103.0,2125.0
1.jpg,3024.0,4032.0,warning spilled food can cause serious burns keep appliance cord away from children never drape cord over edge of counter use outlet below counter use extension cord,401.0,751.0,2801.0,3172.0
104.jpg,1440.0,810.0,texas instruments,647.0,290.0,998.0,346.0
22.jpg,1280.0,1707.0,anronix 2 way splitter 5 1002 MHz cmc 2002h a 3 5 db out 3 5 db out,533.0,539.0,844.0,1057.0
39.jpg,1280.0,1707.0,Vitamin A,680.0,453.0,918.0,590.0
39.jpg,1280.0,1707.0,whole foods,683.0,603.0,917.0,632.0
39.jpg,1280.0,1707.0,market,720.0,630.0,874.0,672.0
39.jpg,1280.0,1707.0,avocado,593.0,747.0,1029.0,868.0
39.jpg,1280.0,1707.0,oil,693.0,890.0,866.0,990.0
39.jpg,1280.0,1707.0,nonstick,693.0,980.0,865.0,1024.0
39.jpg,1280.0,1707.0,cooking,663.0,997.0,796.0,1067.0
39.jpg,1280.0,1707.0,spray,803.0,1028.0,893.0,1060.0
39.jpg,1280.0,1707.0,high heat,863.0,1080.0,981.0,1128.0
39.jpg,1280.0,1707.0,upto,886.0,1121.0,950.0,1148.0
39.jpg,1280.0,1707.0,450,819.0,1143.0,949.0,1208.0
39.jpg,1280.0,1707.0,high heat,831.0,1207.0,948.0,1259.0
39.jpg,1280.0,1707.0,10floz295ml,683.0,1507.0,824.0,1571.0
38.jpg,1280.0,1707.0,coco lopez,330.0,253.0,1053.0,598.0
38.jpg,1280.0,1707.0,REAL,367.0,1030.0,457.0,1115.0
38.jpg,1280.0,1707.0,cream of,363.0,1097.0,947.0,1225.0
38.jpg,1280.0,1707.0,oconut,343.0,1150.0,977.0,1363.0
38.jpg,1280.0,1707.0,net wt 15 oz 425g,393.0,1350.0,854.0,1482.0
122.jpg,960.0,1280.0,levoit,218.0,410.0,697.0,583.0
155.jpg,3024.0,4032.0,SN,1684.0,1963.0,1756.0,2031.0
155.jpg,3024.0,4032.0,HJ8A2301003966,1761.0,1967.0,2069.0,2034.0
155.jpg,3024.0,4032.0,Model No. JUH377,1394.0,2001.0,1655.0,2036.0
155.jpg,3024.0,4032.0,Made in Taiwan,1417.0,2032.0,1632.0,2076.0
155.jpg,3024.0,4032.0,HOST,143.0,2095.0,191.0,2184.0
162.jpg,3024.0,4032.0,anon.,1260.0,600.0,1632.0,1443.0
162.jpg,3024.0,4032.0,WAVECEL,1240.0,1620.0,1579.0,3486.0
29.jpg,1280.0,960.0,attention,67.0,465.0,401.0,542.0
29.jpg,1280.0,960.0,msc,1103.0,388.0,1259.0,469.0
29.jpg,1280.0,960.0,please refrain from placing,108.0,633.0,753.0,672.0
29.jpg,1280.0,960.0,in the toilet any items other,107.0,677.0,767.0,723.0
29.jpg,1280.0,960.0,than toilet paper,115.0,727.0,533.0,768.0
29.jpg,1280.0,960.0,violations may be charged,127.0,773.0,725.0,800.0
29.jpg,1280.0,960.0,for all other waste matter,140.0,822.0,735.0,867.0
29.jpg,1280.0,960.0,use the waste bin under the sink,145.0,868.0,822.0,901.0
47.jpg,1276.0,958.0,do not put,620.0,500.0,955.0,574.0
47.jpg,1276.0,958.0,essential oil,617.0,562.0,997.0,641.0
47.jpg,1276.0,958.0,in tank,612.0,620.0,838.0,703.0
154.jpg,3024.0,4032.0,W0AQ000150024A1660,1518.0,1136.0,1592.0,1648.0
154.jpg,3024.0,4032.0,8GB,1447.0,1089.0,1507.0,1186.0
154.jpg,3024.0,4032.0,1Rx16,1451.0,1193.0,1506.0,1326.0
154.jpg,3024.0,4032.0,PC5,1448.0,1331.0,1507.0,1417.0
154.jpg,3024.0,4032.0,4800B,1451.0,1447.0,1509.0,1581.0
154.jpg,3024.0,4032.0,SC0,1451.0,1613.0,1512.0,1691.0
154.jpg,3024.0,4032.0,1010,1453.0,1733.0,1514.0,1835.0
154.jpg,3024.0,4032.0,XT,1451.0,1865.0,1515.0,1923.0
154.jpg,3024.0,4032.0,2150,1526.0,1809.0,1591.0,1919.0
154.jpg,3024.0,4032.0,SX2Y,1383.0,1815.0,1442.0,1933.0
154.jpg,3024.0,4032.0,Korea,1364.0,820.0,1426.0,956.0
154.jpg,3024.0,4032.0,M425R1GB4BB0,1372.0,1091.0,1434.0,1455.0
154.jpg,3024.0,4032.0,CQK0L,1372.0,1491.0,1441.0,1642.0
154.jpg,3024.0,4032.0,M425R1GB4BBQ,1972.0,2320.0,2027.0,2652.0
154.jpg,3024.0,4032.0,V07,1972.0,2673.0,2021.0,2760.0
154.jpg,3024.0,4032.0,SEC 143,1561.0,638.0,1740.0,705.0
165.jpg,3024.0,4032.0,30W,1545.0,1245.0,1676.0,1521.0
165.jpg,3024.0,4032.0,USB,1570.0,1550.0,1657.0,1777.0
165.jpg,3024.0,4032.0,C,1540.0,1785.0,1666.0,1892.0
165.jpg,3024.0,4032.0,Power Adapter,1550.0,1905.0,1666.0,2710.0
165.jpg,3024.0,4032.0,Designed by Apple in California,1420.0,980.0,1516.0,1929.0
165.jpg,3024.0,4032.0,Assembled in China,1410.0,1935.0,1494.0,2522.0
165.jpg,3024.0,4032.0,Model A2164,1385.0,2530.0,1492.0,2906.0
108.jpg,1280.0,960.0,9,769.0,375.0,919.0,419.0
108.jpg,1280.0,960.0,sony,775.0,379.0,912.0,420.0
108.jpg,1280.0,960.0,lithium ion,693.0,430.0,804.0,451.0
108.jpg,1280.0,960.0,np-bx1,695.0,452.0,804.0,482.0
108.jpg,1280.0,960.0,X,839.0,437.0,906.0,499.0
108.jpg,1280.0,960.0,type,850.0,508.0,904.0,525.0
108.jpg,1280.0,960.0,3.6v 4.5wh,692.0,494.0,801.0,511.0
108.jpg,1280.0,960.0,sony,802.0,514.0,837.0,526.0
108.jpg,1280.0,960.0,1240mah,728.0,512.0,801.0,527.0
28.jpg,1280.0,959.0,philips,715.0,445.0,829.0,476.0
28.jpg,1280.0,959.0,sonicare,682.0,482.0,855.0,530.0
103.jpg,810.0,1440.0,reset,360.0,318.0,470.0,368.0
103.jpg,810.0,1440.0,education.ti.com,261.0,1223.0,570.0,1284.0
4.jpg,1276.0,958.0,Taylor heating air conditioning call 500 help,684.0,400.0,1112.0,783.0
8.jpg,1280.0,1707.0,net wt 26 oz 1 lb 10 oz 737g,107.0,1152.0,554.0,1421.0
8.jpg,1280.0,1707.0,not supply iodide a necessary Nutri,229.0,849.0,789.0,1128.0
8.jpg,1280.0,1707.0,food service,296.0,1003.0,461.0,1148.0
8.jpg,1280.0,1707.0,morton,288.0,609.0,868.0,960.0
8.jpg,1280.0,1707.0,salt,323.0,797.0,611.0,987.0
157.jpg,3024.0,4032.0,THRUSTMASTER,1180.0,133.0,1775.0,219.0
157.jpg,3024.0,4032.0,TCA Quadrant Airbus Edition,1265.0,225.0,1731.0,273.0
157.jpg,3024.0,4032.0,USB Input,1277.0,455.0,1463.0,526.0
157.jpg,3024.0,4032.0,5V,1475.0,462.0,1523.0,509.0
157.jpg,3024.0,4032.0,250mA,1595.0,463.0,1718.0,517.0
157.jpg,3024.0,4032.0,MADE IN CHINA,1225.0,535.0,1456.0,593.0
157.jpg,3024.0,4032.0,UK,1895.0,290.0,2011.0,357.0
157.jpg,3024.0,4032.0,CA,1905.0,355.0,2014.0,413.0
157.jpg,3024.0,4032.0,213832869,1455.0,1563.0,1769.0,1676.0
157.jpg,3024.0,4032.0,QC,1538.0,1742.0,1630.0,1783.0
157.jpg,3024.0,4032.0,PASSED,1517.0,1775.0,1659.0,1811.0
157.jpg,3024.0,4032.0,1,1580.0,1805.0,1607.0,1841.0
31.jpg,1280.0,1707.0,no added sugar,433.0,47.0,778.0,92.0
31.jpg,1280.0,1707.0,harmless harvest,330.0,153.0,882.0,510.0
31.jpg,1280.0,1707.0,ORGANIC,420.0,1257.0,837.0,1385.0
31.jpg,1280.0,1707.0,coconut,397.0,1407.0,936.0,1532.0
31.jpg,1280.0,1707.0,water,413.0,1543.0,858.0,1660.0
167.jpg,3024.0,4032.0,3M,468.0,979.0,837.0,1221.0
167.jpg,3024.0,4032.0,Unitek,937.0,955.0,1605.0,1212.0
167.jpg,3024.0,4032.0,Elastics,943.0,1249.0,1531.0,1460.0
167.jpg,3024.0,4032.0,Dwight,625.0,1549.0,1294.0,1792.0
167.jpg,3024.0,4032.0,CONTENTS,1808.0,1453.0,2467.0,1617.0
167.jpg,3024.0,4032.0,100,1802.0,1646.0,2069.0,1809.0
167.jpg,3024.0,4032.0,3,601.0,1790.0,689.0,1943.0
167.jpg,3024.0,4032.0,16,727.0,1790.0,867.0,1977.0
167.jpg,3024.0,4032.0,MEDIUM,877.0,2060.0,1466.0,2207.0
167.jpg,3024.0,4032.0,LIGHT,1501.0,2030.0,1948.0,2185.0
167.jpg,3024.0,4032.0,3.5 oz.,871.0,2198.0,1315.0,2348.0
167.jpg,3024.0,4032.0,99.2 g,1399.0,2186.0,1807.0,2353.0
167.jpg,3024.0,4032.0,LOT,703.0,2390.0,959.0,2624.0
167.jpg,3024.0,4032.0,PJ2VV,1093.0,2390.0,1476.0,2631.0
167.jpg,3024.0,4032.0,REF,1700.0,2378.0,1959.0,2600.0
167.jpg,3024.0,4032.0,404,2096.0,2348.0,2306.0,2564.0
167.jpg,3024.0,4032.0,226,2324.0,2348.0,2537.0,2544.0
167.jpg,3024.0,4032.0,2026,1111.0,2667.0,1392.0,2896.0
167.jpg,3024.0,4032.0,10,1417.0,2673.0,1540.0,2863.0
167.jpg,3024.0,4032.0,2,1574.0,2667.0,1719.0,2860.0
167.jpg,3024.0,4032.0,4,997.0,1802.0,1070.0,1932.0
167.jpg,3024.0,4032.0,6,1105.0,1784.0,1184.0,1936.0
167.jpg,3024.0,4032.0,mm,1231.0,1814.0,1482.0,1942.0
46.jpg,1706.0,1279.0,ans,665.0,568.0,1191.0,697.0
27.jpg,1707.0,1280.0,Please remember to,608.0,593.0,1155.0,645.0
27.jpg,1707.0,1280.0,wash your hands,628.0,655.0,1128.0,706.0
27.jpg,1707.0,1280.0,thoroughly after,628.0,715.0,1136.0,774.0
27.jpg,1707.0,1280.0,using the restrooms,585.0,770.0,1163.0,844.0
27.jpg,1707.0,1280.0,thank you,710.0,860.0,1045.0,940.0
25.jpg,960.0,1280.0,iPad designed by apple in California model a2228 assembled in china serial f8qg70ftnrcc,270.0,436.0,554.0,852.0
174.jpg,3024.0,4032.0,CARLYLE,1167.0,1513.0,1742.0,1634.0
174.jpg,3024.0,4032.0,FAST DISSOLVE,1074.0,1783.0,1740.0,1890.0
174.jpg,3024.0,4032.0,Melatonin,956.0,1953.0,1876.0,2142.0
174.jpg,3024.0,4032.0,12,1212.0,2158.0,1408.0,2333.0
174.jpg,3024.0,4032.0,MG,1424.0,2209.0,1621.0,2332.0
174.jpg,3024.0,4032.0,Nighttime Sleep Aid,978.0,2379.0,1845.0,2502.0
174.jpg,3024.0,4032.0,100,1065.0,2495.0,1195.0,2600.0
174.jpg,3024.0,4032.0,Drug,1295.0,2517.0,1524.0,2620.0
174.jpg,3024.0,4032.0,Free,1562.0,2507.0,1749.0,2598.0
174.jpg,3024.0,4032.0,NATURAL BERRT FLAVOR,981.0,2629.0,1841.0,2754.0
174.jpg,3024.0,4032.0,180,1267.0,2786.0,1518.0,2986.0
174.jpg,3024.0,4032.0,FAST DISSOLVE,1542.0,2786.0,1831.0,2857.0
174.jpg,3024.0,4032.0,TABLETS,1542.0,2860.0,1847.0,2935.0
174.jpg,3024.0,4032.0,Dietary,920.0,2761.0,1094.0,2864.0
174.jpg,3024.0,4032.0,Supplement,920.0,2835.0,1222.0,2961.0
153.jpg,5712.0,4284.0,iPad,1030.0,2023.0,1181.0,2335.0
153.jpg,5712.0,4284.0,Designed by Apple in California Model A2377,922.0,1915.0,963.0,2473.0
153.jpg,5712.0,4284.0,Designed by Apple in California Model A2377,893.0,1945.0,923.0,2195.0
153.jpg,5712.0,4284.0,Serial PVGY6TVDJR,893.0,2200.0,919.0,2443.0
20.jpg,1280.0,1707.0,net wt 3 lbs 1 36 kg,513.0,529.0,1161.0,1135.0
20.jpg,1280.0,1707.0,distributed by dole fresh fruit company Charlotte nc 28231,330.0,652.0,1090.0,1376.0
20.jpg,1280.0,1707.0,pole,7.0,65.0,247.0,406.0
172.jpg,3024.0,4032.0,DENIM KNIT,962.0,702.0,1468.0,786.0
172.jpg,3024.0,4032.0,SLEEVELESS FULL,844.0,799.0,1567.0,885.0
172.jpg,3024.0,4032.0,ZIP TOP,1043.0,897.0,1391.0,1003.0
172.jpg,3024.0,4032.0,HAUT SANS,970.0,1043.0,1455.0,1145.0
172.jpg,3024.0,4032.0,LONGUEUR EN,917.0,1371.0,1536.0,1451.0
172.jpg,3024.0,4032.0,TRICOT DENIM,953.0,1469.0,1521.0,1562.0
172.jpg,3024.0,4032.0,Alo Yoga,747.0,2917.0,1012.0,3013.0
172.jpg,3024.0,4032.0,W1459R,1578.0,2917.0,1820.0,3009.0
172.jpg,3024.0,4032.0,1,836.0,3205.0,896.0,3290.0
172.jpg,3024.0,4032.0,91677,1018.0,3201.0,1287.0,3301.0
172.jpg,3024.0,4032.0,49290,1327.0,3201.0,1596.0,3299.0
172.jpg,3024.0,4032.0,5,1720.0,3181.0,1783.0,3300.0
172.jpg,3024.0,4032.0,Black,759.0,3339.0,911.0,3419.0
172.jpg,3024.0,4032.0,Anthracite,921.0,3343.0,1201.0,3422.0
172.jpg,3024.0,4032.0,Size S,759.0,3420.0,945.0,3503.0
172.jpg,3024.0,4032.0,Price 168,1416.0,3412.0,1827.0,3503.0
37.jpg,1280.0,1707.0,peller,348.0,706.0,559.0,848.0
37.jpg,1280.0,1707.0,estates,643.0,767.0,874.0,857.0
37.jpg,1280.0,1707.0,private reserve,396.0,823.0,798.0,922.0
37.jpg,1280.0,1707.0,vidal,517.0,903.0,665.0,966.0
37.jpg,1280.0,1707.0,icewine,427.0,943.0,761.0,1043.0
37.jpg,1280.0,1707.0,2019,507.0,1017.0,661.0,1082.0
37.jpg,1280.0,1707.0,vqa niagara,324.0,993.0,555.0,1132.0
37.jpg,1280.0,1707.0,peninsula vqa,563.0,1021.0,837.0,1141.0
170.jpg,4284.0,5712.0,AX5400,510.0,1980.0,1662.0,2366.0
170.jpg,4284.0,5712.0,Dual,1680.0,2160.0,2020.0,2347.0
170.jpg,4284.0,5712.0,Band,2040.0,2160.0,2390.0,2353.0
170.jpg,4284.0,5712.0,RT,540.0,2380.0,956.0,2897.0
170.jpg,4284.0,5712.0,AX82U,1040.0,2420.0,2460.0,2838.0
170.jpg,4284.0,5712.0,Performance,510.0,2930.0,977.0,3057.0
170.jpg,4284.0,5712.0,WiFi,960.0,2930.0,1115.0,3049.0
170.jpg,4284.0,5712.0,6,1120.0,2920.0,1186.0,3029.0
170.jpg,4284.0,5712.0,Gaming,1190.0,2930.0,1441.0,3057.0
170.jpg,4284.0,5712.0,Router,1450.0,2930.0,1709.0,3040.0
170.jpg,4284.0,5712.0,160MHz,795.0,4043.0,953.0,4104.0
170.jpg,4284.0,5712.0,bandwidth,958.0,4045.0,1165.0,4097.0
170.jpg,4284.0,5712.0,for,1168.0,4048.0,1224.0,4095.0
170.jpg,4284.0,5712.0,ultra,1235.0,4040.0,1317.0,4100.0
170.jpg,4284.0,5712.0,fast,1335.0,4040.0,1407.0,4094.0
170.jpg,4284.0,5712.0,WiFi,1415.0,4042.0,1499.0,4094.0
170.jpg,4284.0,5712.0,speed,1508.0,4048.0,1613.0,4088.0
170.jpg,4284.0,5712.0,WPA3 to strengthen WiFi security,800.0,4350.0,1407.0,4419.0
170.jpg,4284.0,5712.0,authentication and encryption,1425.0,4363.0,1996.0,4400.0
158.jpg,4284.0,5712.0,Product Name,2168.0,263.0,2420.0,306.0
158.jpg,4284.0,5712.0,USB Webcam,2253.0,305.0,2494.0,354.0
158.jpg,4284.0,5712.0,Model,2032.0,358.0,2145.0,407.0
158.jpg,4284.0,5712.0,HD Webcam eMeet C960,2155.0,365.0,2587.0,401.0
158.jpg,4284.0,5712.0,5V,2155.0,410.0,2213.0,455.0
158.jpg,4284.0,5712.0,500mA,2258.0,405.0,2400.0,453.0
158.jpg,4284.0,5712.0,SHENZHEN EMEET TECHNOLOGY CO. LTD,1860.0,553.0,2590.0,610.0
158.jpg,4284.0,5712.0,MADE IN CHINA,1860.0,610.0,2131.0,652.0
158.jpg,4284.0,5712.0,DESIGNED BY EMEET,2140.0,605.0,2513.0,649.0
175.jpg,5712.0,4284.0,Designed by Apple in California,2230.0,440.0,2603.0,468.0
175.jpg,5712.0,4284.0,Assembled in China,2610.0,433.0,2842.0,469.0
175.jpg,5712.0,4284.0,Rated 20.0V,2850.0,423.0,2988.0,466.0
175.jpg,5712.0,4284.0,1.5A or 20.3V,3032.0,425.0,3187.0,464.0
175.jpg,5712.0,4284.0,3.0A,3227.0,422.0,3285.0,454.0
175.jpg,5712.0,4284.0,Model A2337,2240.0,477.0,2399.0,513.0
175.jpg,5712.0,4284.0,EMC 3598,2407.0,477.0,2523.0,510.0
175.jpg,5712.0,4284.0,FCC ID,2533.0,472.0,2610.0,509.0
175.jpg,5712.0,4284.0,BCGA2337,2618.0,473.0,2744.0,504.0
175.jpg,5712.0,4284.0,and IC,2747.0,470.0,2823.0,504.0
175.jpg,5712.0,4284.0,579C,2825.0,472.0,2898.0,502.0
175.jpg,5712.0,4284.0,A2337,2905.0,473.0,2975.0,503.0
175.jpg,5712.0,4284.0,Serial PVGY6TVDJR,2980.0,468.0,3055.0,499.0
175.jpg,5712.0,4284.0,FVFG7AC0Q6L4,3062.0,470.0,3278.0,498.0
163.jpg,3024.0,4032.0,MADE BY THE FRENCH ALPS,1596.0,1736.0,1716.0,2901.0
163.jpg,3024.0,4032.0,NATURAL,927.0,3107.0,1245.0,3278.0
163.jpg,3024.0,4032.0,SPRING,1240.0,3218.0,1559.0,3295.0
163.jpg,3024.0,4032.0,WATER,1581.0,3210.0,1839.0,3253.0
163.jpg,3024.0,4032.0,1L,1046.0,3237.0,1153.0,3382.0
163.jpg,3024.0,4032.0,33.8 FL OZ,1181.0,3277.0,1661.0,3405.0
171.jpg,3024.0,4032.0,LEGO,1960.0,780.0,2311.0,1450.0
171.jpg,3024.0,4032.0,40589,1520.0,736.0,1660.0,1048.0
76.jpg,1280.0,1707.0,PEPSI,317.0,903.0,930.0,1100.0
76.jpg,1280.0,1707.0,DIET,493.0,1410.0,767.0,1483.0
77.jpg,1192.0,1972.0,Supplement,55.0,225.0,800.0,375.0
77.jpg,1192.0,1972.0,Facts,810.0,215.0,1075.0,385.0
77.jpg,1192.0,1972.0,Serving Size 2 Gummies,40.0,380.0,640.0,465.0
77.jpg,1192.0,1972.0,Serving Size 2 Gummies,40.0,460.0,715.0,545.0
77.jpg,1192.0,1972.0,Amount Per Serving,60.0,565.0,560.0,670.0
77.jpg,1192.0,1972.0,Daily Value,810.0,565.0,1080.0,665.0
77.jpg,1192.0,1972.0,Calories,60.0,660.0,290.0,740.0
77.jpg,1192.0,1972.0,15,720.0,675.0,800.0,760.0
77.jpg,1192.0,1972.0,Total Carbohydrate,50.0,760.0,540.0,840.0
77.jpg,1192.0,1972.0,Amount Per Serving,735.0,780.0,850.0,845.0
77.jpg,1192.0,1972.0,15,995.0,768.0,1044.0,842.0
77.jpg,1192.0,1972.0,Total Sugars,60.0,847.0,385.0,932.0
77.jpg,1192.0,1972.0,2g,738.0,869.0,831.0,935.0
77.jpg,1192.0,1972.0,Includes 2g Added Sugars,74.0,937.0,735.0,1022.0
77.jpg,1192.0,1972.0,Amount Per Serving,984.0,948.0,1049.0,1016.0
77.jpg,1192.0,1972.0,Vitamin A,44.0,1019.0,298.0,1104.0
77.jpg,1192.0,1972.0,150mcg,683.0,1052.0,904.0,1120.0
77.jpg,1192.0,1972.0,17,992.0,1036.0,1082.0,1112.0
77.jpg,1192.0,1972.0,as Retinyl Palmitate,63.0,1101.0,557.0,1172.0
77.jpg,1192.0,1972.0,Vitamin C,44.0,1180.0,284.0,1268.0
77.jpg,1192.0,1972.0,18mg,721.0,1210.0,877.0,1287.0
77.jpg,1192.0,1972.0,20,997.0,1191.0,1079.0,1268.0
77.jpg,1192.0,1972.0,as Ascorbic Acid,63.0,1254.0,497.0,1344.0
77.jpg,1192.0,1972.0,Vitamin E,36.0,1344.0,298.0,1418.0
77.jpg,1192.0,1972.0,as dl-Alpha,63.0,1421.0,352.0,1497.0
77.jpg,1192.0,1972.0,Tocopheryl Acetate,352.0,1426.0,828.0,1517.0
77.jpg,1192.0,1972.0,8.1mg,702.0,1366.0,866.0,1437.0
77.jpg,1192.0,1972.0,54,997.0,1350.0,1085.0,1421.0
77.jpg,1192.0,1972.0,Biotin,30.0,1497.0,178.0,1577.0
77.jpg,1192.0,1972.0,as d-Biotin,197.0,1522.0,462.0,1604.0
77.jpg,1192.0,1972.0,6000mcg,634.0,1527.0,880.0,1612.0
77.jpg,1192.0,1972.0,20000,915.0,1508.0,1074.0,1577.0
77.jpg,1192.0,1972.0,Sodium,36.0,1582.0,235.0,1675.0
77.jpg,1192.0,1972.0,10mg,708.0,1615.0,866.0,1691.0
77.jpg,1192.0,1972.0,2g,1022.0,1590.0,1088.0,1653.0
77.jpg,1192.0,1972.0,Percent Daily,82.0,1686.0,383.0,1779.0
77.jpg,1192.0,1972.0,Values are based on a,393.0,1721.0,921.0,1787.0
77.jpg,1192.0,1972.0,Values are based on a,63.0,1765.0,514.0,1864.0
77.jpg,1192.0,1972.0,2000 calorie diet,514.0,1757.0,516.0,1806.0
77.jpg,1192.0,1972.0,Daily Value not established,101.0,1836.0,751.0,1937.0
78.jpg,1702.0,1276.0,sky,540.0,480.0,740.0,610.0
78.jpg,1702.0,1276.0,rganics,803.0,493.0,1190.0,610.0
78.jpg,1702.0,1276.0,ORGANIC,680.0,637.0,1040.0,723.0
78.jpg,1702.0,1276.0,Cotton,523.0,720.0,867.0,850.0
78.jpg,1702.0,1276.0,Swabs,880.0,737.0,1220.0,853.0
78.jpg,1702.0,1276.0,100 pure organic cotton,537.0,823.0,1187.0,950.0
78.jpg,1702.0,1276.0,500 count,733.0,950.0,997.0,1030.0
79.jpg,2450.0,953.0,ENERGIZER,596.0,318.0,1494.0,526.0
79.jpg,2450.0,953.0,ULTIMATE,976.0,526.0,1432.0,594.0
79.jpg,2450.0,953.0,LITHIUM,1444.0,524.0,1832.0,586.0
80.jpg,1279.0,2314.0,Helps,165.0,705.0,357.0,836.0
80.jpg,1279.0,2314.0,Helps,354.0,701.0,718.0,839.0
80.jpg,1279.0,2314.0,PROTECT,775.0,725.0,1123.0,873.0
80.jpg,1279.0,2314.0,AZO,138.0,839.0,1123.0,1301.0
80.jpg,1279.0,2314.0,Cranberry,361.0,1281.0,856.0,1419.0
80.jpg,1279.0,2314.0,URINARY TRACRT,283.0,1429.0,954.0,1534.0
80.jpg,1279.0,2314.0,Health,428.0,1517.0,779.0,1622.0
80.jpg,1279.0,2314.0,1 SERVING,182.0,1709.0,485.0,1817.0
80.jpg,1279.0,2314.0,1GLASS OF,505.0,1725.0,850.0,1830.0
80.jpg,1279.0,2314.0,Cranberry,206.0,1784.0,537.0,1889.0
80.jpg,1279.0,2314.0,JUICE,544.0,1830.0,721.0,1896.0
80.jpg,1279.0,2314.0,1 SERVING,1028.0,1659.0,1098.0,1753.0
80.jpg,1279.0,2314.0,MOST,1004.0,1750.0,1122.0,1795.0
80.jpg,1279.0,2314.0,TRUSTED,995.0,1787.0,1151.0,1837.0
80.jpg,1279.0,2314.0,BRAND,998.0,1829.0,1133.0,1889.0
80.jpg,1279.0,2314.0,25000mg CRANBERRY,202.0,1883.0,848.0,1972.0
80.jpg,1279.0,2314.0,FRUIT,199.0,1943.0,343.0,2022.0
80.jpg,1279.0,2314.0,EQUIVALENT,345.0,1958.0,746.0,2049.0
80.jpg,1279.0,2314.0,PLUS,200.0,2024.0,326.0,2105.0
80.jpg,1279.0,2314.0,Vitamin C,330.0,2041.0,646.0,2155.0
80.jpg,1279.0,2314.0,REW,954.0,1987.0,1050.0,2058.0
80.jpg,1279.0,2314.0,SOFTGELS,1050.0,1969.0,1149.0,2034.0
80.jpg,1279.0,2314.0,GRANBERRY,774.0,2070.0,1000.0,2121.0
80.jpg,1279.0,2314.0,Supplement,1001.0,2010.0,1149.0,2094.0
81.jpg,1792.0,1278.0,256GB,759.0,355.0,990.0,429.0
81.jpg,1792.0,1278.0,iPad Air,379.0,486.0,650.0,571.0
81.jpg,1792.0,1278.0,5th Generation,687.0,491.0,1138.0,579.0
81.jpg,1792.0,1278.0,WI-Fi,1168.0,486.0,1360.0,562.0
81.jpg,1792.0,1278.0,Includes iPad Air USB-C Charge Cable and USB-C Power Adapter Not all features,188.0,645.0,1545.0,691.0
81.jpg,1792.0,1278.0,available in all areas Additional information at apple.com ipad compare,283.0,693.0,1460.0,737.0
81.jpg,1792.0,1278.0,Requires Apple ID for some features Internet access Acceptance of the software license terms at apple.com legal sla,117.0,740.0,1605.0,783.0
81.jpg,1792.0,1278.0,Battery life and charge cycles vary with use and settings 1GB  1 billion bytes actual formatted capacity less,200.0,781.0,1542.0,811.0
81.jpg,1792.0,1278.0,when measured as a rectangle the screen is 10.86 inches diagonally actual viewable area is less 826-09736-A,193.0,813.0,1573.0,848.0
82.jpg,2160.0,1278.0,MM9L3LLA iPad Air Wi-Fi 256GB Space Gray,701.0,48.0,1395.0,97.0
82.jpg,2160.0,1278.0,Designed by Apple in California,591.0,90.0,1047.0,134.0
82.jpg,2160.0,1278.0,apple.com,1053.0,88.0,1208.0,135.0
82.jpg,2160.0,1278.0,Assembled in China,1218.0,93.0,1516.0,143.0
82.jpg,2160.0,1278.0,Other items as marked thereon,731.0,128.0,1181.0,172.0
82.jpg,2160.0,1278.0,Model A2588,1181.0,128.0,1373.0,172.0
82.jpg,2160.0,1278.0,UPC,670.0,282.0,743.0,317.0
82.jpg,2160.0,1278.0,1 SERVING,273.0,337.0,295.0,374.0
82.jpg,2160.0,1278.0,94252,337.0,342.0,482.0,383.0
82.jpg,2160.0,1278.0,79675,485.0,341.0,610.0,372.0
82.jpg,2160.0,1278.0,9,661.0,339.0,683.0,372.0
82.jpg,2160.0,1278.0,S Serial No. K1GFWNR4DM,273.0,397.0,709.0,430.0
82.jpg,2160.0,1278.0,FCC ID BCGA2588,1430.0,401.0,1690.0,449.0
82.jpg,2160.0,1278.0,IC 579C-A2588,1426.0,449.0,1666.0,493.0
82.jpg,2160.0,1278.0,apple,273.0,518.0,364.0,555.0
82.jpg,2160.0,1278.0,Apple Inc. One Apple Park Way Cupertino CA 95014 USA,267.0,551.0,1060.0,580.0
82.jpg,2160.0,1278.0,2022 Apple Inc. All rights reserved. Apple the Apple log and iPad Air,308.0,582.0,1240.0,617.0
82.jpg,2160.0,1278.0,are trademarks of Apple Inc registered in the US and other countries and regions,260.0,610.0,1366.0,657.0
83.jpg,1702.0,1276.0,Acne Studios,283.0,473.0,1483.0,750.0
84.jpg,2022.0,1280.0,MIX,1020.0,558.0,1131.0,608.0
84.jpg,2022.0,1280.0,Packaging from,966.0,614.0,1194.0,648.0
84.jpg,2022.0,1280.0,responsible sources,945.0,642.0,1219.0,689.0
84.jpg,2022.0,1280.0,FSC,786.0,663.0,910.0,711.0
84.jpg,2022.0,1280.0,www.fsc.org,789.0,713.0,915.0,734.0
84.jpg,2022.0,1280.0,FSC,940.0,692.0,1036.0,738.0
84.jpg,2022.0,1280.0,C169777,1053.0,691.0,1225.0,740.0
84.jpg,2022.0,1280.0,8,1308.0,707.0,1344.0,753.0
84.jpg,2022.0,1280.0,809907,1373.0,707.0,1557.0,747.0
84.jpg,2022.0,1280.0,773473,1588.0,706.0,1777.0,745.0
85.jpg,1280.0,1707.0,Stonyfield,314.0,306.0,964.0,502.0
85.jpg,1280.0,1707.0,ORGANIC,402.0,483.0,857.0,598.0
85.jpg,1280.0,1707.0,WHOLE MILK,429.0,598.0,813.0,687.0
85.jpg,1280.0,1707.0,STRAWBERRY BEET BERRY,259.0,695.0,983.0,802.0
85.jpg,1280.0,1707.0,USDA,905.0,969.0,988.0,1013.0
85.jpg,1280.0,1707.0,ORGANIC,894.0,1010.0,996.0,1058.0
85.jpg,1280.0,1707.0,NON,948.0,1099.0,1022.0,1135.0
85.jpg,1280.0,1707.0,GMO,946.0,1127.0,1030.0,1154.0
85.jpg,1280.0,1707.0,Project,945.0,1146.0,1020.0,1176.0
85.jpg,1280.0,1707.0,VERIFIED,872.0,1165.0,1017.0,1198.0
85.jpg,1280.0,1707.0,REAL,337.0,1312.0,446.0,1353.0
85.jpg,1280.0,1707.0,FRUIT,338.0,1356.0,451.0,1387.0
85.jpg,1280.0,1707.0,VEGGIE,338.0,1387.0,453.0,1417.0
85.jpg,1280.0,1707.0,ADAPTOR,486.0,1300.0,568.0,1350.0
85.jpg,1280.0,1707.0,LESS SUGAR,465.0,1356.0,601.0,1379.0
85.jpg,1280.0,1707.0,than leading,485.0,1382.0,591.0,1403.0
85.jpg,1280.0,1707.0,kids yogurt,482.0,1400.0,583.0,1420.0
85.jpg,1280.0,1707.0,6000mcg,646.0,1289.0,727.0,1362.0
85.jpg,1280.0,1707.0,PROTEIN,613.0,1357.0,753.0,1403.0
85.jpg,1280.0,1707.0,per pouch,628.0,1396.0,733.0,1429.0
85.jpg,1280.0,1707.0,LIVE,766.0,1306.0,864.0,1356.0
85.jpg,1280.0,1707.0,ACTIVE,766.0,1343.0,901.0,1389.0
85.jpg,1280.0,1707.0,CULTURES,772.0,1386.0,900.0,1417.0
85.jpg,1280.0,1707.0,3.5 OZ 99g,404.0,1447.0,568.0,1512.0
85.jpg,1280.0,1707.0,Yogurt,574.0,1440.0,660.0,1515.0
85.jpg,1280.0,1707.0,Vitamin D Added,657.0,1464.0,818.0,1510.0
86.jpg,2404.0,950.0,CASE WESTERN RESERVE,318.0,88.0,2060.0,234.0
86.jpg,2404.0,950.0,UNIVERSITY,318.0,226.0,886.0,336.0
86.jpg,2404.0,950.0,Office of the Controller - Payroll Department,126.0,440.0,1454.0,514.0
86.jpg,2404.0,950.0,10900 Euclid Avenue,128.0,518.0,766.0,586.0
86.jpg,2404.0,950.0,Cleveland,118.0,590.0,430.0,660.0
86.jpg,2404.0,950.0,OH 44106-7006,436.0,584.0,946.0,670.0
86.jpg,2404.0,950.0,ADDRESS SERVICE REQUESTED,114.0,774.0,1212.0,872.0
87.jpg,1232.0,2767.0,2g,35.0,255.0,80.0,365.0
87.jpg,1232.0,2767.0,BRAND,81.0,232.0,304.0,327.0
87.jpg,1232.0,2767.0,FOR,313.0,227.0,475.0,294.0
87.jpg,1232.0,2767.0,HAIR,482.0,204.0,688.0,294.0
87.jpg,1232.0,2767.0,SKIN,716.0,206.0,908.0,301.0
87.jpg,1232.0,2767.0,NAILS,978.0,232.0,1161.0,345.0
87.jpg,1232.0,2767.0,NATURES,114.0,466.0,686.0,644.0
87.jpg,1232.0,2767.0,BOUNTY,691.0,436.0,1135.0,642.0
87.jpg,1232.0,2767.0,OPTIMAL,192.0,691.0,521.0,760.0
87.jpg,1232.0,2767.0,SOLUTIONS,538.0,684.0,938.0,772.0
87.jpg,1232.0,2767.0,WOMENS,49.0,843.0,1117.0,1105.0
87.jpg,1232.0,2767.0,MULTI,222.0,1135.0,922.0,1369.0
87.jpg,1232.0,2767.0,Vitamin A,114.0,1404.0,1068.0,1643.0
87.jpg,1232.0,2767.0,GUMMIES,211.0,1675.0,948.0,1856.0
87.jpg,1232.0,2767.0,50mg,396.0,2004.0,737.0,2132.0
87.jpg,1232.0,2767.0,COLLAGEN,292.0,2109.0,848.0,2238.0
87.jpg,1232.0,2767.0,PER SERVING,410.0,2222.0,742.0,2303.0
87.jpg,1232.0,2767.0,Supports Energy,561.0,2433.0,989.0,2500.0
87.jpg,1232.0,2767.0,Metabolism,570.0,2519.0,871.0,2574.0
87.jpg,1232.0,2767.0,Immune,570.0,2579.0,783.0,2655.0
87.jpg,1232.0,2767.0,Bone,834.0,2560.0,971.0,2635.0
87.jpg,1232.0,2767.0,Health,966.0,2528.0,1112.0,2600.0
87.jpg,1232.0,2767.0,Daily Value,568.0,2681.0,709.0,2762.0
87.jpg,1232.0,2767.0,Multivitamin,716.0,2665.0,1036.0,2725.0
88.jpg,2023.0,904.0,HI POLYMER,260.0,128.0,1208.0,300.0
88.jpg,2023.0,904.0,ERASER,428.0,300.0,1078.0,550.0
88.jpg,2023.0,904.0,Pentel,780.0,548.0,1213.0,695.0
88.jpg,2023.0,904.0,ZEH10,1368.0,588.0,1605.0,690.0
89.jpg,1046.0,1238.0,RESURFACE,128.0,65.0,683.0,188.0
89.jpg,1046.0,1238.0,SKIN TEXTURE AND CLARIT,90.0,240.0,1015.0,328.0
89.jpg,1046.0,1238.0,TEXTURE ET CLARTE DE,95.0,320.0,963.0,413.0
89.jpg,1046.0,1238.0,LA PEAU,100.0,398.0,418.0,488.0
89.jpg,1046.0,1238.0,Lotion Plus,93.0,540.0,568.0,640.0
89.jpg,1046.0,1238.0,Advanced AHA exfoliator,95.0,630.0,935.0,708.0
89.jpg,1046.0,1238.0,Lotion Plus,98.0,735.0,595.0,820.0
89.jpg,1046.0,1238.0,Exfoliant avance avec AHA,110.0,815.0,963.0,898.0
89.jpg,1046.0,1238.0,15 AHA,110.0,938.0,355.0,1040.0
90.jpg,1278.0,1342.0,expressions,370.0,387.0,867.0,487.0
90.jpg,1278.0,1342.0,MARQUE MOUCHOIRS,413.0,40.0,843.0,137.0
90.jpg,1278.0,1342.0,ultra soft,320.0,473.0,950.0,630.0
90.jpg,1278.0,1342.0,hypoallergenic,417.0,1073.0,980.0,1173.0
90.jpg,1278.0,1342.0,hypoallergenique,430.0,1180.0,1080.0,1287.0
91.jpg,1507.0,1279.0,EST,503.0,770.0,610.0,820.0
91.jpg,1507.0,1279.0,1873,723.0,753.0,847.0,820.0
91.jpg,1507.0,1279.0,DEER,337.0,810.0,1040.0,1007.0
91.jpg,1507.0,1279.0,PARK,343.0,1010.0,1013.0,1237.0
91.jpg,1507.0,1279.0,100 NATURAL,1050.0,1047.0,1343.0,1127.0
91.jpg,1507.0,1279.0,SPRING WATER,1057.0,1130.0,1347.0,1197.0
92.jpg,1279.0,1337.0,60 SONG BANK,423.0,590.0,1097.0,723.0
92.jpg,1279.0,1337.0,01-25 WORLD,290.0,743.0,787.0,843.0
92.jpg,1279.0,1337.0,or,307.0,860.0,403.0,940.0
92.jpg,1279.0,1337.0,PAUSE,317.0,957.0,397.0,1030.0
92.jpg,1279.0,1337.0,50mg,323.0,1060.0,417.0,1137.0
92.jpg,1279.0,1337.0,TWINKLE TWINKLE LITTLE STAR,417.0,833.0,1263.0,943.0
92.jpg,1279.0,1337.0,AMAZING GRACE,420.0,950.0,940.0,1047.0
92.jpg,1279.0,1337.0,GREENSLEEVES,413.0,1057.0,910.0,1140.0
93.jpg,1076.0,1242.0,GRANBERRY,213.0,283.0,425.0,418.0
93.jpg,1076.0,1242.0,RHYTHMS,455.0,293.0,1015.0,455.0
93.jpg,1076.0,1242.0,001-006,45.0,443.0,395.0,593.0
93.jpg,1076.0,1242.0,8 BEAT 16 BEAT,410.0,490.0,990.0,615.0
93.jpg,1076.0,1242.0,007-010,70.0,623.0,405.0,715.0
93.jpg,1076.0,1242.0,BALLAD,430.0,625.0,745.0,715.0
93.jpg,1076.0,1242.0,011-015,58.0,748.0,415.0,843.0
93.jpg,1076.0,1242.0,DANCE,423.0,753.0,733.0,848.0
93.jpg,1076.0,1242.0,016-020,63.0,885.0,408.0,988.0
93.jpg,1076.0,1242.0,POPS,415.0,885.0,660.0,980.0
94.jpg,2313.0,762.0,RHYTHM,56.0,24.0,336.0,130.0
94.jpg,2313.0,762.0,SONG BANK CONTROLLER,354.0,22.0,1080.0,134.0
94.jpg,2313.0,762.0,INTRO,132.0,182.0,336.0,262.0
94.jpg,2313.0,762.0,REPEAT,96.0,420.0,340.0,504.0
94.jpg,2313.0,762.0,REW,554.0,426.0,694.0,504.0
94.jpg,2313.0,762.0,INTRO,78.0,188.0,130.0,260.0
94.jpg,2313.0,762.0,NAILS,426.0,134.0,480.0,194.0
94.jpg,2313.0,762.0,FOR,406.0,206.0,484.0,260.0
94.jpg,2313.0,762.0,NORMAL,488.0,136.0,736.0,200.0
94.jpg,2313.0,762.0,FILL-IN,490.0,202.0,712.0,270.0
94.jpg,2313.0,762.0,VAR,864.0,124.0,1014.0,210.0
94.jpg,2313.0,762.0,FILL-IN,878.0,204.0,1092.0,280.0
94.jpg,2313.0,762.0,FILL-IN,1160.0,138.0,1480.0,204.0
94.jpg,2313.0,762.0,ENDING,1236.0,204.0,1470.0,280.0
94.jpg,2313.0,762.0,START,1594.0,144.0,1792.0,218.0
94.jpg,2313.0,762.0,STOP,1602.0,202.0,1780.0,288.0
94.jpg,2313.0,762.0,CHORDS,1982.0,150.0,2208.0,220.0
94.jpg,2313.0,762.0,ACCOMP,1980.0,220.0,2210.0,278.0
94.jpg,2313.0,762.0,ACCOMP,1888.0,216.0,1976.0,284.0
94.jpg,2313.0,762.0,VAR,808.0,142.0,874.0,194.0
94.jpg,2313.0,762.0,FOR,816.0,204.0,862.0,258.0
94.jpg,2313.0,762.0,EAC,1170.0,202.0,1228.0,274.0
94.jpg,2313.0,762.0,FF,948.0,428.0,1038.0,508.0
94.jpg,2313.0,762.0,PAUSE,1254.0,436.0,1476.0,520.0
94.jpg,2313.0,762.0,PLAY STOP,1514.0,444.0,1832.0,514.0
94.jpg,2313.0,762.0,PART SELECT,1874.0,440.0,2200.0,520.0
94.jpg,2313.0,762.0,DEMO,1748.0,520.0,1952.0,584.0
95.jpg,2407.0,955.0,CASIO,102.0,170.0,694.0,322.0
95.jpg,2407.0,955.0,R,706.0,232.0,768.0,294.0
95.jpg,2407.0,955.0,CTK-2550,1446.0,180.0,2190.0,336.0
95.jpg,2407.0,955.0,RATING,106.0,362.0,398.0,446.0
95.jpg,2407.0,955.0,DC,436.0,366.0,544.0,442.0
95.jpg,2407.0,955.0,9.5V,574.0,366.0,718.0,450.0
95.jpg,2407.0,955.0,use,120.0,462.0,236.0,524.0
95.jpg,2407.0,955.0,AC,248.0,446.0,334.0,522.0
95.jpg,2407.0,955.0,ADAPTOR,350.0,452.0,642.0,526.0
95.jpg,2407.0,955.0,only,646.0,462.0,778.0,534.0
95.jpg,2407.0,955.0,CASIO,776.0,450.0,962.0,526.0
95.jpg,2407.0,955.0,AD-E95100L,978.0,452.0,1314.0,546.0
95.jpg,2407.0,955.0,RATED,1330.0,450.0,1538.0,534.0
95.jpg,2407.0,955.0,DC,1550.0,456.0,1646.0,538.0
95.jpg,2407.0,955.0,9.5V,1660.0,460.0,1786.0,540.0
95.jpg,2407.0,955.0,2000 calorie diet,1800.0,462.0,1888.0,550.0
95.jpg,2407.0,955.0,or,122.0,538.0,204.0,612.0
95.jpg,2407.0,955.0,17,212.0,534.0,256.0,618.0
95.jpg,2407.0,955.0,BATTERIES,272.0,532.0,604.0,616.0
95.jpg,2407.0,955.0,SUM-3,642.0,534.0,832.0,610.0
95.jpg,2407.0,955.0,R6P,850.0,538.0,980.0,612.0
95.jpg,2407.0,955.0,AA,1034.0,542.0,1112.0,616.0
95.jpg,2407.0,955.0,SIZE,1150.0,538.0,1292.0,618.0
95.jpg,2407.0,955.0,or,1310.0,554.0,1368.0,620.0
95.jpg,2407.0,955.0,EQUIV,1378.0,536.0,1578.0,626.0
95.jpg,2407.0,955.0,CASIO,132.0,628.0,368.0,714.0
95.jpg,2407.0,955.0,COMPUTER,370.0,636.0,824.0,728.0
95.jpg,2407.0,955.0,COMPUTER,828.0,628.0,938.0,724.0
95.jpg,2407.0,955.0,LTD,964.0,642.0,1124.0,718.0
95.jpg,2407.0,955.0,MADE IN CHINA,1370.0,660.0,1844.0,732.0
95.jpg,2407.0,955.0,EAC,1902.0,448.0,2172.0,746.0
96.jpg,2418.0,1279.0,SELFRIDGES,343.0,203.0,990.0,320.0
96.jpg,2418.0,1279.0,57.1,343.0,337.0,543.0,420.0
96.jpg,2418.0,1279.0,0278 P72878-0999-,780.0,337.0,1350.0,413.0
96.jpg,2418.0,1279.0,8097213,363.0,420.0,653.0,500.0
96.jpg,2418.0,1279.0,Burb Mu Reverse Text,360.0,493.0,1043.0,590.0
96.jpg,2418.0,1279.0,78667052,357.0,743.0,657.0,817.0
96.jpg,2418.0,1279.0,CANDLE,1570.0,367.0,1690.0,723.0
96.jpg,2418.0,1279.0,NOSIZE,1807.0,313.0,1990.0,757.0
96.jpg,2418.0,1279.0,250,2060.0,287.0,2247.0,713.0
97.jpg,2420.0,1278.0,NON,1090.0,53.0,1727.0,383.0
97.jpg,2420.0,1278.0,PREMIUM TOUCH,820.0,397.0,1613.0,517.0
97.jpg,2420.0,1278.0,HAIR MASK,987.0,527.0,1487.0,653.0
98.jpg,1280.0,1707.0,Witzis Raw Granola,130.0,443.0,1017.0,617.0
98.jpg,1280.0,1707.0,Luna Bakery,137.0,693.0,673.0,823.0
98.jpg,1280.0,1707.0,Guardian Cold Brew,163.0,907.0,977.0,1033.0
98.jpg,1280.0,1707.0,Fresh n Crisp Farms,173.0,1100.0,1027.0,1240.0
98.jpg,1280.0,1707.0,Cleveland Kraut,183.0,1280.0,783.0,1423.0
99.jpg,1702.0,1276.0,HarvestOwl,150.0,393.0,1577.0,697.0
99.jpg,1702.0,1276.0,Wise Meals,307.0,653.0,683.0,787.0
99.jpg,1702.0,1276.0,Unbeatable Convenience,697.0,657.0,1420.0,797.0
100.jpg,1218.0,1622.0,USCCA,84.0,191.0,292.0,262.0
100.jpg,1218.0,1622.0,OFFICIAL,59.0,294.0,329.0,373.0
100.jpg,1218.0,1622.0,PARTNER,54.0,355.0,340.0,445.0
100.jpg,1218.0,1622.0,FAMILY PROTECTION STARTS,808.0,59.0,1201.0,115.0
100.jpg,1218.0,1622.0,HERE WITH A FREE GUIDE TO,806.0,110.0,1197.0,150.0
100.jpg,1218.0,1622.0,TALKING ABOUT FIREARMS,811.0,148.0,1180.0,191.0
100.jpg,1218.0,1622.0,WITH YOUR KIDS,878.0,185.0,1112.0,231.0
100.jpg,1218.0,1622.0,SCAN ME,914.0,421.0,1048.0,452.0
100.jpg,1218.0,1622.0,PARMA ARMORY,496.0,166.0,711.0,209.0
100.jpg,1218.0,1622.0,SHOOTING CENTER,501.0,198.0,723.0,233.0
100.jpg,1218.0,1622.0,NO HEAD SHOTS,505.0,280.0,672.0,313.0
100.jpg,1218.0,1622.0,SHOOT CARRIER 25 FEE,448.0,313.0,714.0,351.0
100.jpg,1218.0,1622.0,USE NON-APPROVED,481.0,351.0,688.0,381.0
100.jpg,1218.0,1622.0,RANGE AMMO 25 FEE,469.0,377.0,714.0,408.0
100.jpg,1218.0,1622.0,9,567.0,478.0,604.0,534.0
100.jpg,1218.0,1622.0,8,570.0,660.0,602.0,725.0
100.jpg,1218.0,1622.0,9,567.0,790.0,601.0,855.0
100.jpg,1218.0,1622.0,9,213.0,1023.0,253.0,1076.0
100.jpg,1218.0,1622.0,8,322.0,1026.0,351.0,1074.0
100.jpg,1218.0,1622.0,9,419.0,1023.0,451.0,1076.0
100.jpg,1218.0,1622.0,9,710.0,1018.0,746.0,1073.0
100.jpg,1218.0,1622.0,8,808.0,1018.0,843.0,1071.0
100.jpg,1218.0,1622.0,9,902.0,1021.0,943.0,1064.0
100.jpg,1218.0,1622.0,9,570.0,1235.0,596.0,1281.0
100.jpg,1218.0,1622.0,8,563.0,1374.0,598.0,1416.0
100.jpg,1218.0,1622.0,GET A,110.0,1111.0,186.0,1145.0
100.jpg,1218.0,1622.0,FREE,118.0,1150.0,185.0,1176.0
100.jpg,1218.0,1622.0,GUN,121.0,1177.0,182.0,1212.0
100.jpg,1218.0,1622.0,LAW,121.0,1206.0,186.0,1242.0
100.jpg,1218.0,1622.0,MAP,123.0,1236.0,189.0,1266.0
100.jpg,1218.0,1622.0,SCAN ME,103.0,1418.0,228.0,1454.0
100.jpg,1218.0,1622.0,Gun safety starts here,104.0,1490.0,1059.0,1595.0
